vocab_size,cpd,h_tfp1,h_tfp2,pd,m_tfp1,m_tfp2,emp_h3,emp_h4,avg,r2
500,80.15,81.29,83.76,89.77,72.81,88.28,86.05,87.53,83.71,0.9294
1000,80.53,82.42,83.81,91.16,74.31,89.03,87.14,87.64,84.51,0.9541
2000,81.45,82.91,84.20,92.23,74.56,90.36,85.99,88.15,84.98,0.9604
2500,81.52,83.07,84.51,92.37,74.23,90.02,86.39,88.37,85.06,0.9646
3000,81.64,84.67,85.21,92.29,73.96,90.07,86.53,88.84,85.40,0.9676
3500,81.49,85.03,85.24,92.47,74.15,90.22,87.41,88.62,85.58,0.9696
4000,81.23,85.12,85.45,92.76,74.60,90.68,88.54,89.01,85.92,0.9727
4500,81.46,84.99,85.34,92.59,74.46,90.33,88.27,88.95,85.80,0.9730
5000,81.00,84.92,85.10,92.53,74.35,90.47,87.81,88.77,85.62,0.9734
6000,81.25,84.92,86.01,92.08,73.96,89.99,88.47,88.29,85.62,0.9736
7000,81.34,84.28,85.52,92.04,74.48,89.85,88.16,88.35,85.50,0.9744
8000,81.80,83.62,84.85,91.99,74.81,89.63,88.01,88.28,85.37,0.9739
10000,81.61,84.72,84.79,91.67,74.35,89.69,88.16,88.77,85.47,0.9742
