vocab_size,cola,sst2,mrpc,stsb,qqp,mnli,qnli,rte,avg,r2
2000,24.83,84.64,77.49,78.46,84.63,69.74,77.31,63.52,70.08,0.6939
5000,28.87,86.07,78.41,79.42,85.78,72.03,80.71,64.22,71.94,0.7735
10000,36.02,88.78,82.54,83.62,87.37,79.01,86.25,64.57,76.02,0.8340
20000,44.22,91.61,84.33,86.79,88.92,81.42,87.74,67.32,79.04,0.8911
25000,49.73,91.25,85.63,86.82,88.97,82.03,87.91,67.54,79.99,0.9119
27500,51.79,91.84,86.02,87.14,89.25,82.21,88.34,67.89,80.56,0.9198
30000,54.92,92.36,86.37,87.45,89.52,82.52,88.96,68.94,81.38,0.9372
32500,52.37,92.42,86.30,87.32,89.78,82.31,88.63,68.53,80.96,0.9344
35000,53.64,92.39,86.42,87.42,89.63,82.51,88.72,68.76,81.19,0.9397
37500,52.97,92.47,86.29,87.21,89.54,82.34,88.52,68.69,81.00,0.9408
40000,53.27,92.21,86.24,87.37,89.31,82.29,88.65,68.42,80.97,0.9425
50000,50.23,91.83,85.95,86.47,88.88,81.94,88.26,67.94,80.19,0.9414
