vocab_size,de_en,en_de,r2_de_en,fr_en,en_fr,r2_fr_en,zh_en,en_zh,r2_zh_en
2000,13.67,12.83,0.5755,15.01,15.67,0.5976,8.25,8.81,0.6668
5000,19.31,17.99,0.6784,22.44,23.01,0.6940,12.91,12.92,0.6372
8000,21.53,20.84,0.7266,25.46,27.08,0.7259,14.62,15.28,0.6153
10000,23.33,22.86,0.7528,29.78,29.73,0.7477,16.15,16.74,0.6031
20000,26.26,24.27,0.8136,33.71,35.40,0.8306,16.92,19.61,0.6678
30000,27.22,25.11,0.8609,35.33,35.97,0.8909,18.92,21.80,0.7602
40000,28.13,24.99,0.8968,36.48,36.95,0.9201,19.16,21.90,0.8196
50000,28.88,25.78,0.9204,36.34,37.22,0.9397,18.78,22.34,0.8568
60000,29.75,26.66,0.9382,36.57,37.37,0.9510,19.57,23.03,0.8846
70000,29.80,26.89,0.9521,37.59,37.94,0.9642,19.91,22.95,0.9042
80000,30.01,26.67,0.9609,36.89,38.06,0.9687,19.82,23.29,0.9144
100000,29.99,26.52,0.9615,37.11,38.09,0.9622,20.51,23.94,0.9372
110000,29.91,26.63,0.9648,37.10,38.15,0.9649,20.91,24.48,0.9578
120000,29.86,26.58,0.9657,37.09,38.07,0.9680,20.92,24.40,0.9630
130000,29.77,26.67,0.9625,37.29,38.03,0.9674,21.21,24.69,0.9596
140000,29.69,26.62,0.9613,37.01,37.90,0.9636,21.00,24.52,0.9585
