vocab_size,bbbp,tox21,sider,clintox,hiv,bace,avg,r2
500,67.05,65.34,53.41,75.09,76.51,72.20,68.27,0.9201
1000,67.31,64.41,54.02,77.91,76.84,73.49,69.00,0.9643
1500,67.12,67.51,54.83,79.30,76.87,74.83,70.08,0.9659
2000,66.89,66.39,56.00,82.14,78.29,74.17,70.65,0.9677
2500,67.42,67.43,56.32,84.72,77.69,74.92,71.42,0.9687
3000,67.73,68.26,56.89,86.92,77.58,75.11,72.08,0.9741
3500,67.39,67.62,56.47,87.23,77.29,75.32,71.89,0.9735
4000,67.24,66.34,55.61,88.59,76.20,75.50,71.58,0.9749
5000,66.14,65.99,56.26,87.12,75.70,75.93,71.19,0.9751
8000,66.27,64.29,56.69,88.94,77.71,75.77,71.61,0.9746
